Length_aa,Max_Identity_perc,Your_Initials,,,,,,,,,,,,,,,,,,,
5,100,JLA,,,,,,,,,,,,,,,,,,,
7,85.71,JLA,,,,,,,,,,,,,,,,,,,
9,66.85,JLA,,,,,,,,,,,,,,,,,,,
11,55,JLA,,,,,,,,,,,,,,,,,,,
5,80,SKB,,,,,,,,,,,,,,,,,,,
7,85.71,SKB,,,,,,,,,,,,,,,,,,,
9,66.85,SKB,,,,,,,,,,,,,,,,,,,
11,64,SKB,,,,,,,,,,,,,,,,,,,
5,100,KET,,,,,,,,,,,,,,,,,,,
7,85.71,KET,,,,,,,,,,,,,,,,,,,
9,67,KET,,,,,,,,,,,,,,,,,,,
11,68.25,KET,,,,,,,,,,,,,,,,,,,
5,100,RTM,,,,,,,,,,,,,,,,,,,
7,86,RTM,,,,,,,,,,,,,,,,,,,
9,77.87,RTM,,,,,,,,,,,,,,,,,,,
11,75,RTM,,,,,,,,,,,,,,,,,,,
5,100,GV,,,,,,,,,,,,,,,,,,,
7,71,GV,,,,,,,,,,,,,,,,,,,
9,77.8,GV,,,,,,,,,,,,,,,,,,,
11,49.8,GV,,,,,,,,,,,,,,,,,,,
5,100,RS,,,,,,,,,,,,,,,,,,,
7,71,RS,,,,,,,,,,,,,,,,,,,
9,66.85,RS,,,,,,,,,,,,,,,,,,,
11,63.64,RS,,,,,,,,,,,,,,,,,,,
5,100,LS,,,,,,,,,,,,,,,,,,,
7,71.43,LS,,,,,,,,,,,,,,,,,,,
9,76.28,LS,,,,,,,,,,,,,,,,,,,
11,63.88,LS,,,,,,,,,,,,,,,,,,,
5,100,TH,,,,,,,,,,,,,,,,,,,
7,71,TH,,,,,,,,,,,,,,,,,,,
9,66.85,TH,,,,,,,,,,,,,,,,,,,
11,60.67,TH,,,,,,,,,,,,,,,,,,,
5,100,KS,,,,,,,,,,,,,,,,,,,
7,85.71,KS,,,,,,,,,,,,,,,,,,,
9,56,KS,,,,,,,,,,,,,,,,,,,
11,63.88,KS,,,,,,,,,,,,,,,,,,,
5,100,XP,,,,,,,,,,,,,,,,,,,
7,83.33,XP,,,,,,,,,,,,,,,,,,,
9,71.2,XP,,,,,,,,,,,,,,,,,,,
11,52.18,XP,,,,,,,,,,,,,,,,,,,
5,80,SM,,,,,,,,,,,,,,,,,,,
7,71,SM,,,,,,,,,,,,,,,,,,,
9,56,SM,,,,,,,,,,,,,,,,,,,
11,64,SM,,,,,,,,,,,,,,,,,,,
5,100,AP,,,,,,,,,,,,,,,,,,,
7,86,AP,,,,,,,,,,,,,,,,,,,
9,77.88,AP,,,,,,,,,,,,,,,,,,,
11,58.4,AP,,,,,,,,,,,,,,,,,,,
5,100,ASO,,,,,,,,,,,,,,,,,,,
7,46.67,ASO,,,,,,,,,,,,,,,,,,,
9,66.75,ASO,,,,,,,,,,,,,,,,,,,
11,66.18,ASO,,,,,,,,,,,,,,,,,,,
5,100,MRB,,,,,,,,,,,,,,,,,,,
7,71,MRB,,,,,,,,,,,,,,,,,,,
9,67,MRB,,,,,,,,,,,,,,,,,,,
11,55,MRB,,,,,,,,,,,,,,,,,,,
5,100,VBR,,,,,,,,,,,,,,,,,,,
7,86,VBR,,,,,,,,,,,,,,,,,,,
9,70,VBR,,,,,,,,,,,,,,,,,,,
11,75,VBR,,,,,,,,,,,,,,,,,,,
5,100,GAP,,,,,,,,,,,,,,,,,,,
7,71.43,GAP,,,,,,,,,,,,,,,,,,,
9,67,GAP,,,,,,,,,,,,,,,,,,,
11,55,GAP,,,,,,,,,,,,,,,,,,,
5,100,MM,,,,,,,,,,,,,,,,,,,
7,86,MM,,,,,,,,,,,,,,,,,,,
9,64.5,MM,,,,,,,,,,,,,,,,,,,
11,54.85,MM,,,,,,,,,,,,,,,,,,,
5,100,BR,,,,,,,,,,,,,,,,,,,
7,71.43,BR,,,,,,,,,,,,,,,,,,,
9,77.78,BR,,,,,,,,,,,,,,,,,,,
11,88.89,BR,,,,,,,,,,,,,,,,,,,
5,100,AFK,,,,,,,,,,,,,,,,,,,
7,85.71,AFK,,,,,,,,,,,,,,,,,,,
9,67,AFK,,,,,,,,,,,,,,,,,,,
11,63.78,AFK,,,,,,,,,,,,,,,,,,,
5,100,KD,,,,,,,,,,,,,,,,,,,
7,83.33,KD,,,,,,,,,,,,,,,,,,,
9,100,KD,,,,,,,,,,,,,,,,,,,
11,87.5,KD,,,,,,,,,,,,,,,,,,,
5,100,NS,,,,,,,,,,,,,,,,,,,
7,71.6638,NS,,,,,,,,,,,,,,,,,,,
9,66.75,NS,,,,,,,,,,,,,,,,,,,
11,72.73,NS,,,,,,,,,,,,,,,,,,,
5,100,DN,,,,,,,,,,,,,,,,,,,
7,71,DN,,,,,,,,,,,,,,,,,,,
9,67,DN,,,,,,,,,,,,,,,,,,,
11,63.88,DN,,,,,,,,,,,,,,,,,,,
5,100.00,EJ,,,,,,,,,,,,,,,,,,,
7,85.71,EJ,,,,,,,,,,,,,,,,,,,
9,62.30,EJ,,,,,,,,,,,,,,,,,,,
11,63.88,EJ,,,,,,,,,,,,,,,,,,,
5,100.00,HB,,,,,,,,,,,,,,,,,,,
7,83.33,HB,,,,,,,,,,,,,,,,,,,
9,85.71,HB,,,,,,,,,,,,,,,,,,,
11,100.00,HB,,,,,,,,,,,,,,,,,,,
5,100.00,AV,,,,,,,,,,,,,,,,,,,
7,54,AV,,,,,,,,,,,,,,,,,,,
9,67,AV,,,,,,,,,,,,,,,,,,,
11,55,AV,,,,,,,,,,,,,,,,,,,
5,100,ACC,,,,,,,,,,,,,,,,,,,
7,87.51,ACC,,,,,,,,,,,,,,,,,,,
9,75,ACC,,,,,,,,,,,,,,,,,,,
11,54.67,ACC,,,,,,,,,,,,,,,,,,,
5,100,JMF,,,,,,,,,,,,,,,,,,,
7,86,JMF,,,,,,,,,,,,,,,,,,,
9,49.64,JMF,,,,,,,,,,,,,,,,,,,
11,64,JMF,,,,,,,,,,,,,,,,,,,
5,100,SES,,,,,,,,,,,,,,,,,,,
7,71.66,SES,,,,,,,,,,,,,,,,,,,
9,54.6,SES,,,,,,,,,,,,,,,,,,,
11,48.53,SES,,,,,,,,,,,,,,,,,,,
5,100,AL,,,,,,,,,,,,,,,,,,,
7,86,AL,,,,,,,,,,,,,,,,,,,
9,60.67,AL,,,,,,,,,,,,,,,,,,,
11,60.25,AL,,,,,,,,,,,,,,,,,,,
5,100,EC,,,,,,,,,,,,,,,,,,,
7,85.71,EC,,,,,,,,,,,,,,,,,,,
9,56,EC,,,,,,,,,,,,,,,,,,,
11,45.71,EC,,,,,,,,,,,,,,,,,,,
5,100,MS,,,,,,,,,,,,,,,,,,,
7,85.71,MS,,,,,,,,,,,,,,,,,,,
9,78,MS,,,,,,,,,,,,,,,,,,,
11,63.7,MS,,,,,,,,,,,,,,,,,,,
5,100,KKP,,,,,,,,,,,,,,,,,,,
7,85.71,KKP,,,,,,,,,,,,,,,,,,,
9,66.85,KKP,,,,,,,,,,,,,,,,,,,
11,56,KKP,,,,,,,,,,,,,,,,,,,
5,100,KB,,,,,,,,,,,,,,,,,,,
7,83.33,KB,,,,,,,,,,,,,,,,,,,
9,75,KB,,,,,,,,,,,,,,,,,,,
11,85.71,KB,,,,,,,,,,,,,,,,,,,
5,100,ZQ,,,,,,,,,,,,,,,,,,,
7,71.6638,ZQ,,,,,,,,,,,,,,,,,,,
9,56,ZQ,,,,,,,,,,,,,,,,,,,
11,63.875,ZQ,,,,,,,,,,,,,,,,,,,
5,100,I.F,,,,,,,,,,,,,,,,,,,
7,86.00,I.F,,,,,,,,,,,,,,,,,,,
9,55.63,I.F,,,,,,,,,,,,,,,,,,,
11,54.62,I.F,,,,,,,,,,,,,,,,,,,
5,100,EP,,,,,,,,,,,,,,,,,,,
7,71.66,EP,,,,,,,,,,,,,,,,,,,
9,66.75,EP,,,,,,,,,,,,,,,,,,,
11,55,EP,,,,,,,,,,,,,,,,,,,
5,100,JAA,,,,,,,,,,,,,,,,,,,
7,71,JAA,,,,,,,,,,,,,,,,,,,
9,67,JAA,,,,,,,,,,,,,,,,,,,
11,54.8544,JAA,,,,,,,,,,,,,,,,,,,
5,100,SSM,,,,,,,,,,,,,,,,,,,
7,71.6638,SSM,,,,,,,,,,,,,,,,,,,
9,66.8538,SSM,,,,,,,,,,,,,,,,,,,
11,54.75,SSM,,,,,,,,,,,,,,,,,,,
5,100,AQ,,,,,,,,,,,,,,,,,,,
7,71,AQ,,,,,,,,,,,,,,,,,,,
9,66.85,AQ,,,,,,,,,,,,,,,,,,,
11,54.85,AQ,,,,,,,,,,,,,,,,,,,
5,100,RGS,,,,,,,,,,,,,,,,,,,
7,85.71,RGS,,,,,,,,,,,,,,,,,,,
9,66.85,RGS,,,,,,,,,,,,,,,,,,,
11,54.85,RGS,,,,,,,,,,,,,,,,,,,
5,80,CM,,,,,,,,,,,,,,,,,,,
7,86,CM,,,,,,,,,,,,,,,,,,,
9,56,CM,,,,,,,,,,,,,,,,,,,
11,45.83,CM,,,,,,,,,,,,,,,,,,,
5,100,LPF,,,,,,,,,,,,,,,,,,,
7,86,LPF,,,,,,,,,,,,,,,,,,,
9,47.46,LPF,,,,,,,,,,,,,,,,,,,
11,56.78,LPF,,,,,,,,,,,,,,,,,,,
5,100,AB,,,,,,,,,,,,,,,,,,,
7,71.66,AB,,,,,,,,,,,,,,,,,,,
9,77.78,AB,,,,,,,,,,,,,,,,,,,
11,72.73,AB,,,,,,,,,,,,,,,,,,,
